Label (Grouping),Connecticut!!Total!!Estimate,Connecticut!!Total!!Margin of Error,Connecticut!!Below poverty level!!Estimate,Connecticut!!Below poverty level!!Margin of Error,Connecticut!!Percent below poverty level!!Estimate,Connecticut!!Percent below poverty level!!Margin of Error,Maine!!Total!!Estimate,Maine!!Total!!Margin of Error,Maine!!Below poverty level!!Estimate,Maine!!Below poverty level!!Margin of Error,Maine!!Percent below poverty level!!Estimate,Maine!!Percent below poverty level!!Margin of Error,Massachusetts!!Total!!Estimate,Massachusetts!!Total!!Margin of Error,Massachusetts!!Below poverty level!!Estimate,Massachusetts!!Below poverty level!!Margin of Error,Massachusetts!!Percent below poverty level!!Estimate,Massachusetts!!Percent below poverty level!!Margin of Error,New Hampshire!!Total!!Estimate,New Hampshire!!Total!!Margin of Error,New Hampshire!!Below poverty level!!Estimate,New Hampshire!!Below poverty level!!Margin of Error,New Hampshire!!Percent below poverty level!!Estimate,New Hampshire!!Percent below poverty level!!Margin of Error,New Jersey!!Total!!Estimate,New Jersey!!Total!!Margin of Error,New Jersey!!Below poverty level!!Estimate,New Jersey!!Below poverty level!!Margin of Error,New Jersey!!Percent below poverty level!!Estimate,New Jersey!!Percent below poverty level!!Margin of Error,New York!!Total!!Estimate,New York!!Total!!Margin of Error,New York!!Below poverty level!!Estimate,New York!!Below poverty level!!Margin of Error,New York!!Percent below poverty level!!Estimate,New York!!Percent below poverty level!!Margin of Error,Pennsylvania!!Total!!Estimate,Pennsylvania!!Total!!Margin of Error,Pennsylvania!!Below poverty level!!Estimate,Pennsylvania!!Below poverty level!!Margin of Error,Pennsylvania!!Percent below poverty level!!Estimate,Pennsylvania!!Percent below poverty level!!Margin of Error,Rhode Island!!Total!!Estimate,Rhode Island!!Total!!Margin of Error,Rhode Island!!Below poverty level!!Estimate,Rhode Island!!Below poverty level!!Margin of Error,Rhode Island!!Percent below poverty level!!Estimate,Rhode Island!!Percent below poverty level!!Margin of Error,Vermont!!Total!!Estimate,Vermont!!Total!!Margin of Error,Vermont!!Below poverty level!!Estimate,Vermont!!Below poverty level!!Margin of Error,Vermont!!Percent below poverty level!!Estimate,Vermont!!Percent below poverty level!!Margin of Error
Population for whom poverty status is determined,"3,530,170","±1,025","353,604","±8,433",10.0%,±0.2,"1,347,527",±569,"144,830","±3,974",10.7%,±0.3,"6,819,072","±1,447","684,548","±9,915",10.0%,±0.1,"1,355,300",±579,"98,248","±3,704",7.2%,±0.3,"9,180,234","±2,117","891,891","±14,073",9.7%,±0.2,"19,362,417","±3,537","2,711,742","±29,111",14.0%,±0.2,"12,600,920","±2,399","1,475,496","±18,655",11.7%,±0.1,"1,060,352",±556,"118,364","±4,269",11.2%,±0.4,"624,283",±303,"62,749","±2,532",10.1%,±0.4
    AGE,,,,,,,,,,,,,,,,,,,,,,,,,,,,,,,,,,,,,,,,,,,,,,,,,,,,,,
        Under 18 years,"722,445",±999,"93,926","±3,931",13.0%,±0.5,"245,175",±628,"32,147","±2,063",13.1%,±0.8,"1,344,243","±1,547","157,297","±4,904",11.7%,±0.4,"249,863",±589,"19,691","±1,850",7.9%,±0.7,"2,013,795","±2,148","261,439","±6,866",13.0%,±0.3,"3,987,059","±3,569","730,485","±13,383",18.3%,±0.3,"2,620,094","±2,461","408,658","±8,674",15.6%,±0.3,"204,304",±561,"27,964","±2,183",13.7%,±1.1,"114,080",±342,"12,328",±923,10.8%,±0.8
            Under 5 years,"179,219",±433,"23,743","±1,825",13.2%,±1.0,"60,599",±410,"8,044",±718,13.3%,±1.2,"342,877",±896,"42,008","±2,509",12.3%,±0.7,"61,527",±458,"5,240",±732,8.5%,±1.2,"519,851",±992,"69,480","±3,003",13.4%,±0.6,"1,054,408","±1,769","197,373","±5,622",18.7%,±0.5,"666,251","±1,150","112,279","±3,511",16.9%,±0.5,"52,456",±343,"7,907","±1,046",15.1%,±2.0,"27,119",±266,"3,226",±485,11.9%,±1.8
            5 to 17 years,"543,226",±842,"70,183","±2,888",12.9%,±0.5,"184,576",±578,"24,103","±1,673",13.1%,±0.9,"1,001,366","±1,094","115,289","±3,620",11.5%,±0.4,"188,336",±583,"14,451","±1,449",7.7%,±0.8,"1,493,944","±1,742","191,959","±5,193",12.8%,±0.3,"2,932,651","±2,934","533,112","±9,518",18.2%,±0.3,"1,953,843","±1,887","296,379","±6,649",15.2%,±0.3,"151,848",±474,"20,057","±1,857",13.2%,±1.2,"86,961",±323,"9,102",±711,10.5%,±0.8
            Related children of householder under 18 years,"719,355","±1,225","91,057","±3,934",12.7%,±0.5,"243,776",±694,"30,824","±2,065",12.6%,±0.8,"1,339,845","±1,652","153,486","±4,889",11.5%,±0.4,"248,514",±624,"18,404","±1,792",7.4%,±0.7,"2,006,677","±2,407","254,847","±6,894",12.7%,±0.3,"3,969,766","±3,848","714,642","±13,194",18.0%,±0.3,"2,610,817","±2,575","400,127","±8,549",15.3%,±0.3,"203,345",±614,"27,167","±2,238",13.4%,±1.1,"113,451",±372,"11,731",±912,10.3%,±0.8
        18 to 64 years,"2,155,114",±495,"202,473","±5,030",9.4%,±0.2,"801,857",±575,"84,482","±2,419",10.5%,±0.3,"4,250,978",±768,"396,660","±6,321",9.3%,±0.1,"833,415",±455,"57,577","±2,303",6.9%,±0.3,"5,596,020",±863,"477,820","±8,566",8.5%,±0.2,"11,912,965","±1,220","1,522,265","±16,304",12.8%,±0.1,"7,527,786",±935,"824,732","±10,950",11.0%,±0.1,"657,378",±431,"68,474","±2,689",10.4%,±0.4,"374,832",±322,"38,695","±1,688",10.3%,±0.5
            18 to 34 years,"736,433",±628,"84,345","±2,715",11.5%,±0.4,"256,514",±558,"32,994","±1,440",12.9%,±0.6,"1,526,037",±872,"174,172","±3,526",11.4%,±0.2,"275,791",±575,"22,417","±1,380",8.1%,±0.5,"1,911,853",±997,"189,304","±5,088",9.9%,±0.3,"4,317,100","±1,576","634,555","±8,265",14.7%,±0.2,"2,620,026","±1,284","356,075","±5,980",13.6%,±0.2,"235,482",±564,"30,851","±1,998",13.1%,±0.8,"124,877",±402,"17,522","±1,173",14.0%,±0.9
            35 to 64 years,"1,418,681",±701,"118,128","±3,789",8.3%,±0.3,"545,343",±745,"51,488","±1,884",9.4%,±0.3,"2,724,941",±713,"222,488","±5,484",8.2%,±0.2,"557,624",±715,"35,160","±1,653",6.3%,±0.3,"3,684,167",±844,"288,516","±5,425",7.8%,±0.1,"7,595,865","±1,720","887,710","±10,777",11.7%,±0.1,"4,907,760","±1,436","468,657","±8,370",9.5%,±0.2,"421,896",±690,"37,623","±1,690",8.9%,±0.4,"249,955",±462,"21,173","±1,135",8.5%,±0.5
        60 years and over,"908,984","±3,164","80,847","±2,592",8.9%,±0.3,"411,101","±1,798","39,846","±1,481",9.7%,±0.4,"1,697,388","±4,573","176,277","±3,200",10.4%,±0.2,"383,471","±2,076","29,438","±1,532",7.7%,±0.4,"2,187,600","±5,102","203,849","±3,958",9.3%,±0.2,"4,773,669","±7,076","626,212","±7,594",13.1%,±0.2,"3,357,508","±5,595","337,736","±5,399",10.1%,±0.2,"276,871","±1,825","31,156","±1,498",11.3%,±0.5,"185,798","±1,088","16,419",±982,8.8%,±0.5
        65 years and over,"652,611",±419,"57,205","±2,196",8.8%,±0.3,"300,495",±492,"28,201","±1,126",9.4%,±0.4,"1,223,851",±604,"130,591","±2,633",10.7%,±0.2,"272,022",±406,"20,980","±1,217",7.7%,±0.4,"1,570,419",±695,"152,632","±3,593",9.7%,±0.2,"3,462,393","±1,032","458,992","±6,701",13.3%,±0.2,"2,453,040",±919,"242,106","±4,028",9.9%,±0.2,"198,670",±411,"21,926","±1,267",11.0%,±0.6,"135,371",±318,"11,726",±806,8.7%,±0.6
    SEX,,,,,,,,,,,,,,,,,,,,,,,,,,,,,,,,,,,,,,,,,,,,,,,,,,,,,,
        Male,"1,731,803","±1,348","154,675","±4,250",8.9%,±0.2,"663,623","±1,006","65,103","±2,378",9.8%,±0.4,"3,337,107","±1,420","301,378","±5,899",9.0%,±0.2,"677,157",±790,"41,983","±2,062",6.2%,±0.3,"4,506,773","±1,561","390,574","±7,648",8.7%,±0.2,"9,444,277","±2,878","1,220,786","±15,092",12.9%,±0.2,"6,197,469","±2,680","650,390","±10,298",10.5%,±0.2,"520,770",±827,"50,698","±2,412",9.7%,±0.5,"310,837",±536,"28,542","±1,439",9.2%,±0.5
        Female,"1,798,367","±1,385","198,929","±5,592",11.1%,±0.3,"683,904",±943,"79,727","±2,247",11.7%,±0.3,"3,481,965","±1,758","383,170","±6,019",11.0%,±0.2,"678,143",±845,"56,265","±2,467",8.3%,±0.4,"4,673,461","±1,621","501,317","±8,326",10.7%,±0.2,"9,918,140","±3,268","1,490,956","±16,431",15.0%,±0.2,"6,403,451","±2,494","825,106","±10,788",12.9%,±0.2,"539,582",±876,"67,666","±2,819",12.5%,±0.5,"313,446",±600,"34,207","±1,631",10.9%,±0.5
    RACE AND HISPANIC OR LATINO ORIGIN,,,,,,,,,,,,,,,,,,,,,,,,,,,,,,,,,,,,,,,,,,,,,,,,,,,,,,
        White alone,"2,301,807","±5,695","160,553","±5,273",7.0%,±0.2,"1,222,596","±2,591","126,042","±3,666",10.3%,±0.3,"4,689,208","±8,380","351,334","±6,735",7.5%,±0.1,"1,193,971","±2,423","82,308","±3,346",6.9%,±0.3,"4,958,166","±8,940","338,008","±9,025",6.8%,±0.2,"10,692,867","±10,808","1,084,057","±15,271",10.1%,±0.1,"9,406,884","±9,440","826,548","±9,860",8.8%,±0.1,"744,704","±2,994","61,013","±2,624",8.2%,±0.3,"567,837","±1,149","53,996","±2,311",9.5%,±0.4
        Black or African American alone,"368,657","±3,982","61,670","±3,303",16.7%,±0.9,"23,555",±994,"6,155",±973,26.1%,±3.9,"460,897","±5,625","77,430","±3,900",16.8%,±0.9,"18,338","±1,146","2,059",±556,11.2%,±2.9,"1,153,662","±5,344","179,380","±6,871",15.5%,±0.6,"2,751,273","±9,994","581,589","±12,761",21.1%,±0.4,"1,310,728","±6,741","310,196","±9,112",23.7%,±0.7,"57,566","±2,349","9,166","±1,490",15.9%,±2.7,"6,627",±478,"1,163",±417,17.5%,±5.9
        American Indian and Alaska Native alone,"11,222","±1,268","2,335",±577,20.8%,±4.3,"5,588",±410,"1,079",±149,19.3%,±2.5,"16,446","±1,839","2,857",±657,17.4%,±3.9,"1,813",±348,111,±78,6.1%,±4.3,"51,897","±3,098","8,318","±1,320",16.0%,±2.1,"111,111","±4,337","25,889","±2,363",23.3%,±1.7,"24,800","±2,914","6,034","±2,223",24.3%,±7.0,"5,280","±1,062",720,±349,13.6%,±6.6,944,±190,205,±99,21.7%,±9.0
        Asian alone,"169,825","±1,828","14,647","±1,776",8.6%,±1.0,"14,585",±810,"1,719",±388,11.8%,±2.6,"487,506","±3,447","52,122","±2,804",10.7%,±0.5,"34,745","±1,024","2,031",±496,5.8%,±1.4,"936,843","±3,139","54,822","±2,761",5.9%,±0.3,"1,751,511","±5,908","249,834","±6,773",14.3%,±0.4,"483,171","±3,255","58,654","±3,306",12.1%,±0.7,"36,356","±1,007","4,136",±783,11.4%,±2.1,"10,878",±460,"1,587",±432,14.6%,±4.0
        Native Hawaiian and Other Pacific Islander alone,"1,752",±554,590,±282,33.7%,±12.7,352,±73,76,±39,21.6%,±10.2,"2,012",±446,568,±289,28.2%,±10.7,312,±160,41,±35,13.1%,±12.4,"2,495",±396,340,±141,13.6%,±5.3,"8,808","±1,201","1,956",±454,22.2%,±5.2,"3,346",±628,578,±185,17.3%,±5.8,813,±269,367,±280,45.1%,±32.2,46,±24,7,±13,15.2%,±23.8
        Some other race alone,"272,469","±7,191","58,735","±4,474",21.6%,±1.5,"10,117","±1,123","1,191",±333,11.8%,±3.2,"402,672","±8,023","81,600","±3,759",20.3%,±0.9,"19,456","±1,618","2,470",±604,12.7%,±2.9,"936,010","±11,942","165,716","±6,335",17.7%,±0.6,"2,036,531","±20,479","446,102","±9,747",21.9%,±0.4,"471,810","±9,107","120,459","±6,337",25.5%,±1.2,"84,400","±4,041","19,960","±2,462",23.6%,±2.7,"4,486",±606,604,±179,13.5%,±4.0
        Two or more races,"404,438","±6,706","55,074","±3,143",13.6%,±0.7,"70,734","±2,947","8,568",±983,12.1%,±1.3,"760,331","±10,511","118,637","±4,705",15.6%,±0.6,"86,665","±2,821","9,228","±1,266",10.6%,±1.5,"1,141,161","±12,853","145,307","±5,704",12.7%,±0.5,"2,010,316","±19,358","322,315","±10,505",16.0%,±0.5,"900,181","±10,564","153,027","±5,686",17.0%,±0.6,"131,233","±5,323","23,002","±2,536",17.5%,±1.8,"33,465","±1,327","5,187",±706,15.5%,±1.9
        Hispanic or Latino origin (of any race),"647,909",±957,"128,653","±6,564",19.9%,±1.0,"28,448",±301,"2,989",±474,10.5%,±1.7,"912,700","±1,087","189,282","±5,852",20.7%,±0.6,"62,582",±360,"8,302","±1,103",13.3%,±1.8,"2,068,347","±1,744","334,187","±8,558",16.2%,±0.4,"3,856,567","±2,238","787,712","±12,086",20.4%,±0.3,"1,102,343","±1,455","251,763","±8,175",22.8%,±0.7,"190,522",±485,"42,191","±3,529",22.1%,±1.8,"15,305",±244,"2,414",±531,15.8%,±3.4
"        White alone, not Hispanic or Latino","2,186,538","±3,625","137,981","±4,316",6.3%,±0.2,"1,215,133","±2,461","125,041","±3,675",10.3%,±0.3,"4,551,044","±6,319","324,711","±6,424",7.1%,±0.1,"1,180,784","±1,885","80,465","±3,364",6.8%,±0.3,"4,681,126","±4,222","297,455","±8,678",6.4%,±0.2,"10,221,760","±6,592","997,041","±14,280",9.8%,±0.1,"9,226,343","±5,663","789,531","±9,966",8.6%,±0.1,"719,857","±1,934","56,128","±2,379",7.8%,±0.3,"563,589","±1,060","53,365","±2,299",9.5%,±0.4
    EDUCATIONAL ATTAINMENT,,,,,,,,,,,,,,,,,,,,,,,,,,,,,,,,,,,,,,,,,,,,,,,,,,,,,,
        Population 25 years and over,"2,521,637",±479,"219,919","±5,288",8.7%,±0.2,"1,011,250",±561,"98,137","±2,640",9.7%,±0.3,"4,929,582","±1,018","441,952","±5,797",9.0%,±0.1,"1,004,961",±499,"67,208","±2,478",6.7%,±0.2,"6,446,796",±707,"545,522","±7,980",8.5%,±0.1,"13,847,445","±1,128","1,688,661","±15,412",12.2%,±0.1,"9,023,101",±938,"896,701","±11,001",9.9%,±0.1,"771,243",±484,"75,530","±2,674",9.8%,±0.3,"461,426",±451,"40,362","±1,656",8.7%,±0.4
            Less than high school graduate,"209,520","±4,092","51,984","±2,376",24.8%,±1.0,"51,507","±1,920","14,030",±861,27.2%,±1.3,"419,891","±6,317","105,231","±2,690",25.1%,±0.6,"54,159","±2,330","11,168",±979,20.6%,±1.6,"591,771","±6,862","124,758","±3,414",21.1%,±0.5,"1,632,322","±12,793","459,033","±7,383",28.1%,±0.4,"692,893","±8,909","174,314","±4,926",25.2%,±0.5,"78,557","±2,816","19,126","±1,357",24.3%,±1.5,"22,895","±1,032","5,665",±563,24.7%,±2.5
            High school graduate (includes equivalency),"632,258","±7,388","79,274","±2,791",12.5%,±0.4,"302,002","±3,678","42,110","±1,736",13.9%,±0.5,"1,101,100","±10,077","141,578","±3,318",12.9%,±0.3,"266,912","±4,647","25,587","±1,464",9.6%,±0.5,"1,610,555","±13,024","202,208","±4,695",12.6%,±0.3,"3,334,190","±20,207","561,163","±7,770",16.8%,±0.2,"2,932,863","±15,900","390,736","±6,003",13.3%,±0.2,"202,253","±3,894","28,788","±1,627",14.2%,±0.8,"122,711","±2,284","15,740","±1,041",12.8%,±0.8
"            Some college, associate's degree","599,975","±5,612","51,365","±2,279",8.6%,±0.4,"288,579","±3,837","25,470","±1,295",8.8%,±0.4,"1,063,136","±8,673","99,211","±2,833",9.3%,±0.2,"272,348","±4,021","17,627","±1,086",6.5%,±0.4,"1,408,776","±10,403","114,794","±3,320",8.1%,±0.2,"3,266,740","±12,520","370,800","±6,264",11.4%,±0.2,"2,182,713","±12,525","199,382","±4,385",9.1%,±0.2,"196,548","±4,165","16,171","±1,345",8.2%,±0.7,"112,395","±1,755","10,357",±823,9.2%,±0.7
            Bachelor's degree or higher,"1,079,884","±8,041","37,296","±1,548",3.5%,±0.1,"369,162","±4,784","16,527",±862,4.5%,±0.2,"2,345,455","±13,636","95,932","±2,643",4.1%,±0.1,"411,542","±4,692","12,826",±930,3.1%,±0.2,"2,835,694","±13,885","103,762","±3,379",3.7%,±0.1,"5,614,193","±25,895","297,665","±5,534",5.3%,±0.1,"3,214,632","±18,058","132,269","±3,118",4.1%,±0.1,"293,885","±3,881","11,445","±1,012",3.9%,±0.3,"203,425","±2,871","8,600",±648,4.2%,±0.3
    EMPLOYMENT STATUS,,,,,,,,,,,,,,,,,,,,,,,,,,,,,,,,,,,,,,,,,,,,,,,,,,,,,,
        Civilian labor force 16 years and over,"1,935,839","±6,408","100,851","±3,575",5.2%,±0.2,"708,694","±3,914","35,633","±1,679",5.0%,±0.2,"3,846,287","±8,305","188,926","±4,271",4.9%,±0.1,"766,925","±3,931","25,400","±1,383",3.3%,±0.2,"4,977,538","±8,936","254,146","±5,354",5.1%,±0.1,"10,083,010","±16,928","682,550","±9,498",6.8%,±0.1,"6,595,992","±13,409","397,071","±6,689",6.0%,±0.1,"584,639","±4,023","32,257","±2,016",5.5%,±0.3,"345,222","±2,337","17,703",±996,5.1%,±0.3
            Employed,"1,828,827","±7,022","75,447","±2,577",4.1%,±0.1,"682,102","±4,010","28,602","±1,411",4.2%,±0.2,"3,650,517","±8,389","145,460","±3,786",4.0%,±0.1,"741,734","±4,029","21,389","±1,306",2.9%,±0.2,"4,664,475","±10,446","185,917","±4,367",4.0%,±0.1,"9,444,746","±18,036","500,874","±7,598",5.3%,±0.1,"6,252,977","±15,309","301,727","±5,166",4.8%,±0.1,"551,148","±3,866","23,724","±1,650",4.3%,±0.3,"333,206","±2,389","14,640",±928,4.4%,±0.3
                Male,"945,250","±4,341","30,088","±1,720",3.2%,±0.2,"349,715","±2,750","11,807",±844,3.4%,±0.2,"1,864,863","±5,630","61,366","±2,320",3.3%,±0.1,"389,647","±2,689","7,865",±662,2.0%,±0.2,"2,440,148","±7,133","80,914","±2,981",3.3%,±0.1,"4,837,477","±10,327","215,222","±4,269",4.4%,±0.1,"3,265,596","±8,515","126,900","±2,470",3.9%,±0.1,"285,853","±2,779","10,179","±1,123",3.6%,±0.4,"170,282","±1,627","6,310",±611,3.7%,±0.4
                Female,"883,577","±4,774","45,359","±1,876",5.1%,±0.2,"332,387","±2,441","16,795","±1,015",5.1%,±0.3,"1,785,654","±6,318","84,094","±2,684",4.7%,±0.1,"352,087","±2,786","13,524","±1,025",3.8%,±0.3,"2,224,327","±7,263","105,003","±2,817",4.7%,±0.1,"4,607,269","±12,485","285,652","±5,440",6.2%,±0.1,"2,987,381","±10,257","174,827","±4,339",5.9%,±0.1,"265,295","±2,340","13,545","±1,337",5.1%,±0.5,"162,924","±1,512","8,330",±732,5.1%,±0.5
            Unemployed,"107,012","±3,784","25,404","±1,851",23.7%,±1.4,"26,592","±1,454","7,031",±627,26.4%,±2.0,"195,770","±3,997","43,466","±2,223",22.2%,±1.0,"25,191","±1,500","4,011",±534,15.9%,±2.0,"313,063","±4,718","68,229","±2,668",21.8%,±0.8,"638,264","±6,654","181,676","±4,267",28.5%,±0.6,"343,015","±5,565","95,344","±3,453",27.8%,±0.8,"33,491","±1,933","8,533","±1,109",25.5%,±2.9,"12,016",±779,"3,063",±421,25.5%,±2.8
                Male,"59,050","±2,471","13,260","±1,208",22.5%,±1.8,"15,131","±1,041","4,028",±442,26.6%,±2.4,"106,668","±3,129","20,647","±1,607",19.4%,±1.3,"14,482","±1,102","2,046",±376,14.1%,±2.6,"163,284","±3,414","32,462","±1,561",19.9%,±0.9,"347,650","±4,813","90,705","±2,639",26.1%,±0.7,"185,198","±4,092","47,359","±2,292",25.6%,±1.0,"17,790","±1,253","3,870",±627,21.8%,±3.2,"6,929",±631,"1,672",±343,24.1%,±4.1
                Female,"47,962","±2,265","12,144","±1,157",25.3%,±2.0,"11,461",±816,"3,003",±403,26.2%,±3.1,"89,102","±2,381","22,819","±1,403",25.6%,±1.5,"10,709",±921,"1,965",±347,18.3%,±3.0,"149,779","±3,313","35,767","±1,939",23.9%,±1.1,"290,614","±4,506","90,971","±3,004",31.3%,±0.8,"157,817","±3,432","47,985","±2,391",30.4%,±1.3,"15,701","±1,232","4,663",±696,29.7%,±3.9,"5,087",±503,"1,391",±280,27.3%,±4.4
    WORK EXPERIENCE,,,,,,,,,,,,,,,,,,,,,,,,,,,,,,,,,,,,,,,,,,,,,,,,,,,,,,
        Population 16 years and over,"2,899,161","±1,294","271,267","±6,191",9.4%,±0.2,"1,133,863",±732,"116,967","±2,916",10.3%,±0.3,"5,641,129","±2,034","545,382","±7,131",9.7%,±0.1,"1,138,252",±877,"81,324","±2,794",7.1%,±0.2,"7,410,163","±2,727","660,003","±9,766",8.9%,±0.1,"15,841,482","±3,468","2,059,847","±19,095",13.0%,±0.1,"10,296,864","±2,663","1,108,312","±12,496",10.8%,±0.1,"881,687",±802,"93,355","±3,160",10.6%,±0.4,"525,182",±552,"52,033","±2,039",9.9%,±0.4
"            Worked full-time, year-round in the past 12 months","1,301,212","±6,251","17,864","±1,060",1.4%,±0.1,"478,920","±3,561","6,923",±673,1.4%,±0.1,"2,592,189","±9,890","31,504","±1,628",1.2%,±0.1,"535,976","±4,077","4,666",±467,0.9%,±0.1,"3,400,558","±10,190","53,398","±2,098",1.6%,±0.1,"6,776,985","±15,975","134,436","±3,509",2.0%,±0.1,"4,561,376","±15,119","83,083","±2,641",1.8%,±0.1,"398,064","±3,669","5,908",±885,1.5%,±0.2,"229,082","±2,296","3,250",±438,1.4%,±0.2
            Worked part-time or part-year in the past 12 months,"696,615","±6,444","80,894","±3,069",11.6%,±0.4,"273,060","±3,489","32,254","±1,287",11.8%,±0.5,"1,392,084","±8,732","159,450","±3,973",11.5%,±0.3,"270,691","±3,846","23,602","±1,401",8.7%,±0.5,"1,687,155","±10,293","185,412","±4,187",11.0%,±0.2,"3,582,722","±16,986","523,245","±7,998",14.6%,±0.2,"2,274,526","±11,443","318,369","±5,711",14.0%,±0.2,"207,369","±3,380","25,368","±1,565",12.2%,±0.7,"137,620","±1,872","17,051","±1,066",12.4%,±0.7
            Did not work,"901,334","±6,185","172,509","±4,783",19.1%,±0.5,"381,883","±3,634","77,790","±2,110",20.4%,±0.5,"1,656,856","±8,355","354,428","±5,537",21.4%,±0.3,"331,585","±3,661","53,056","±2,278",16.0%,±0.6,"2,322,450","±9,209","421,193","±7,208",18.1%,±0.3,"5,481,775","±18,632","1,402,166","±14,360",25.6%,±0.2,"3,460,962","±13,989","706,860","±9,880",20.4%,±0.2,"276,254","±3,514","62,079","±2,700",22.5%,±0.9,"158,480","±2,111","31,732","±1,618",20.0%,±1.0
    ALL INDIVIDUALS WITH INCOME BELOW THE FOLLOWING POVERTY RATIOS,,,,,,,,,,,,,,,,,,,,,,,,,,,,,,,,,,,,,,,,,,,,,,,,,,,,,,
        50 percent of poverty level,"179,941","±6,432",(X),(X),(X),(X),"64,795","±2,548",(X),(X),(X),(X),"335,932","±8,205",(X),(X),(X),(X),"49,864","±2,602",(X),(X),(X),(X),"423,557","±11,205",(X),(X),(X),(X),"1,349,608","±18,165",(X),(X),(X),(X),"712,218","±11,750",(X),(X),(X),(X),"59,860","±3,188",(X),(X),(X),(X),"29,594","±1,933",(X),(X),(X),(X)
        125 percent of poverty level,"449,480","±9,424",(X),(X),(X),(X),"190,601","±4,754",(X),(X),(X),(X),"867,025","±11,962",(X),(X),(X),(X),"125,248","±4,300",(X),(X),(X),(X),"1,139,038","±16,843",(X),(X),(X),(X),"3,420,661","±33,336",(X),(X),(X),(X),"1,901,468","±20,315",(X),(X),(X),(X),"149,565","±5,226",(X),(X),(X),(X),"82,718","±2,916",(X),(X),(X),(X)
        150 percent of poverty level,"553,133","±10,075",(X),(X),(X),(X),"241,033","±5,396",(X),(X),(X),(X),"1,060,366","±13,644",(X),(X),(X),(X),"159,872","±5,059",(X),(X),(X),(X),"1,415,836","±19,438",(X),(X),(X),(X),"4,127,279","±35,074",(X),(X),(X),(X),"2,371,480","±22,399",(X),(X),(X),(X),"184,881","±6,016",(X),(X),(X),(X),"102,621","±2,908",(X),(X),(X),(X)
        185 percent of poverty level,"705,112","±10,404",(X),(X),(X),(X),"315,576","±5,903",(X),(X),(X),(X),"1,317,393","±15,834",(X),(X),(X),(X),"212,442","±5,653",(X),(X),(X),(X),"1,813,294","±21,665",(X),(X),(X),(X),"5,075,490","±39,502",(X),(X),(X),(X),"3,043,880","±25,824",(X),(X),(X),(X),"234,404","±6,372",(X),(X),(X),(X),"132,412","±3,252",(X),(X),(X),(X)
        200 percent of poverty level,"775,800","±11,098",(X),(X),(X),(X),"350,820","±5,958",(X),(X),(X),(X),"1,434,158","±16,581",(X),(X),(X),(X),"237,949","±5,957",(X),(X),(X),(X),"1,990,700","±22,303",(X),(X),(X),(X),"5,503,837","±39,696",(X),(X),(X),(X),"3,350,750","±27,922",(X),(X),(X),(X),"257,352","±6,412",(X),(X),(X),(X),"148,730","±3,319",(X),(X),(X),(X)
        300 percent of poverty level,"1,229,425","±15,239",(X),(X),(X),(X),"574,768","±6,868",(X),(X),(X),(X),"2,234,688","±17,487",(X),(X),(X),(X),"418,811","±6,779",(X),(X),(X),(X),"3,140,261","±24,805",(X),(X),(X),(X),"8,129,881","±44,898",(X),(X),(X),(X),"5,321,451","±32,095",(X),(X),(X),(X),"407,717","±7,153",(X),(X),(X),(X),"245,731","±3,771",(X),(X),(X),(X)
        400 percent of poverty level,"1,644,396","±14,627",(X),(X),(X),(X),"785,500","±6,226",(X),(X),(X),(X),"3,009,264","±19,927",(X),(X),(X),(X),"603,395","±7,721",(X),(X),(X),(X),"4,207,860","±26,170",(X),(X),(X),(X),"10,499,776","±45,954",(X),(X),(X),(X),"7,116,550","±30,751",(X),(X),(X),(X),"554,565","±7,917",(X),(X),(X),(X),"336,440","±4,025",(X),(X),(X),(X)
        500 percent of poverty level,"2,030,806","±12,721",(X),(X),(X),(X),"943,009","±5,956",(X),(X),(X),(X),"3,728,211","±21,419",(X),(X),(X),(X),"778,733","±7,827",(X),(X),(X),(X),"5,182,447","±24,895",(X),(X),(X),(X),"12,483,133","±40,691",(X),(X),(X),(X),"8,588,699","±26,632",(X),(X),(X),(X),"674,850","±7,698",(X),(X),(X),(X),"415,729","±4,109",(X),(X),(X),(X)
UNRELATED INDIVIDUALS FOR WHOM POVERTY STATUS IS DETERMINED,"720,507","±7,634","151,295","±3,796",21.0%,±0.5,"330,569","±4,432","74,998","±2,431",22.7%,±0.7,"1,538,643","±10,977","327,167","±4,520",21.3%,±0.3,"292,390","±4,050","52,376","±1,982",17.9%,±0.6,"1,600,191","±9,443","328,757","±5,644",20.5%,±0.3,"4,374,937","±18,228","1,088,462","±9,674",24.9%,±0.2,"2,694,712","±13,242","616,834","±7,649",22.9%,±0.2,"248,038","±3,986","58,881","±2,314",23.7%,±0.9,"165,579","±2,485","35,664","±1,564",21.5%,±0.9
    Male,"342,838","±5,192","65,338","±2,402",19.1%,±0.6,"157,297","±2,978","32,753","±1,544",20.8%,±0.9,"733,124","±6,977","142,696","±3,176",19.5%,±0.4,"144,261","±2,503","21,555","±1,299",14.9%,±0.8,"767,936","±7,001","137,639","±4,048",17.9%,±0.5,"2,101,309","±11,768","486,937","±5,408",23.2%,±0.2,"1,301,773","±8,383","269,713","±4,937",20.7%,±0.3,"118,486","±2,893","24,734","±1,534",20.9%,±1.2,"80,289","±1,529","16,006",±938,19.9%,±1.1
    Female,"377,669","±4,480","85,957","±2,752",22.8%,±0.6,"173,272","±2,648","42,245","±1,579",24.4%,±0.8,"805,519","±7,366","184,471","±3,976",22.9%,±0.4,"148,129","±2,687","30,821","±1,406",20.8%,±0.9,"832,255","±6,177","191,118","±4,023",23.0%,±0.4,"2,273,628","±11,518","601,525","±7,034",26.5%,±0.3,"1,392,939","±8,390","347,121","±5,768",24.9%,±0.4,"129,552","±2,276","34,147","±1,729",26.4%,±1.2,"85,290","±1,653","19,658","±1,271",23.0%,±1.4
    15 years,989,±252,989,±252,100.0%,±4.2,288,±82,286,±82,99.3%,±1.2,"1,064",±244,"1,031",±244,96.9%,±3.6,420,±164,420,±164,100.0%,±8.0,"1,886",±344,"1,853",±346,98.3%,±2.1,"4,658",±547,"4,486",±542,96.3%,±2.0,"2,527",±436,"2,436",±426,96.4%,±3.9,239,±150,220,±147,92.1%,±16.0,120,±67,120,±67,100.0%,±18.7
    16 to 17 years,"1,950",±390,"1,845",±386,94.6%,±4.6,"1,078",±270,"1,035",±261,96.0%,±4.4,"2,967",±374,"2,731",±358,92.0%,±3.6,908,±270,846,±283,93.2%,±9.7,"4,713",±559,"4,567",±538,96.9%,±2.2,"10,853",±937,"10,461",±927,96.4%,±1.3,"6,178",±533,"5,886",±527,95.3%,±2.1,590,±217,556,±209,94.2%,±10.1,466,±183,434,±181,93.1%,±8.8
    18 to 24 years,"52,491","±2,131","21,849","±1,264",41.6%,±2.2,"28,936","±1,239","10,530",±944,36.4%,±2.9,"142,614","±3,116","55,750","±1,865",39.1%,±1.2,"24,323","±1,387","8,221",±866,33.8%,±2.9,"90,093","±2,963","38,734","±2,278",43.0%,±1.8,"341,458","±4,570","148,574","±4,079",43.5%,±0.9,"236,033","±4,499","105,396","±3,267",44.7%,±0.9,"22,673","±1,571","10,673","±1,164",47.1%,±3.3,"18,923",±937,"8,065",±809,42.6%,±3.6
    25 to 34 years,"152,094","±2,920","23,099","±1,523",15.2%,±0.9,"60,648","±2,000","10,842",±984,17.9%,±1.5,"390,144","±5,182","52,107","±2,042",13.4%,±0.5,"60,831","±2,095","7,010",±759,11.5%,±1.2,"337,183","±4,418","48,729","±2,138",14.5%,±0.6,"1,009,154","±10,185","174,278","±4,070",17.3%,±0.4,"553,454","±5,970","88,766","±2,786",16.0%,±0.5,"55,034","±2,006","7,916","±1,093",14.4%,±1.8,"32,102","±1,185","4,915",±469,15.3%,±1.4
    35 to 44 years,"84,150","±2,901","15,665","±1,063",18.6%,±1.2,"35,863","±1,403","7,065",±647,19.7%,±1.7,"183,283","±3,919","31,928","±1,585",17.4%,±0.7,"33,123","±1,664","5,097",±621,15.4%,±1.7,"206,112","±4,369","35,562","±1,756",17.3%,±0.8,"584,833","±7,804","122,715","±3,024",21.0%,±0.5,"311,281","±4,953","62,430","±2,379",20.1%,±0.7,"29,807","±1,704","5,947",±741,20.0%,±2.2,"18,487",±897,"2,990",±409,16.2%,±2.0
    45 to 54 years,"81,194","±2,417","16,969","±1,287",20.9%,±1.4,"37,328","±1,460","9,219",±765,24.7%,±1.8,"162,734","±4,035","32,493","±1,682",20.0%,±0.8,"32,002","±1,369","5,561",±581,17.4%,±1.7,"194,832","±4,008","37,272","±1,887",19.1%,±0.9,"517,171","±6,137","126,120","±2,797",24.4%,±0.5,"300,580","±4,825","68,254","±2,462",22.7%,±0.7,"26,589","±1,545","6,619",±749,24.9%,±2.5,"18,372",±963,"4,475",±572,24.4%,±2.9
    55 to 64 years,"123,997","±3,176","28,984","±1,553",23.4%,±1.1,"61,104","±1,874","15,117",±948,24.7%,±1.6,"236,299","±4,213","58,708","±2,201",24.8%,±0.9,"52,772","±1,828","10,769",±908,20.4%,±1.6,"269,276","±4,312","59,678","±2,381",22.2%,±0.7,"691,156","±5,837","199,874","±3,815",28.9%,±0.5,"447,101","±5,285","116,639","±3,551",26.1%,±0.7,"42,694","±1,679","11,061",±933,25.9%,±2.0,"27,194","±1,097","5,744",±478,21.1%,±1.7
    65 to 74 years,"116,247","±2,783","22,221","±1,336",19.1%,±1.0,"56,763","±1,676","10,858",±737,19.1%,±1.2,"218,680","±3,847","46,618","±1,612",21.3%,±0.7,"48,443","±1,634","7,698",±728,15.9%,±1.4,"250,751","±3,945","50,897","±2,042",20.3%,±0.8,"634,208","±6,636","156,653","±3,567",24.7%,±0.5,"434,457","±5,381","86,240","±2,368",19.9%,±0.5,"37,788","±1,398","8,381",±760,22.2%,±1.8,"26,570",±797,"4,920",±529,18.5%,±1.9
    75 years and over,"107,395","±2,326","19,674","±1,144",18.3%,±1.0,"48,561","±1,250","10,046",±720,20.7%,±1.3,"200,858","±2,767","45,801","±1,471",22.8%,±0.7,"39,568","±1,290","6,754",±594,17.1%,±1.4,"245,345","±3,229","51,465","±1,907",21.0%,±0.7,"581,446","±5,761","145,301","±3,619",25.0%,±0.5,"403,101","±4,114","80,787","±2,079",20.0%,±0.5,"32,624","±1,203","7,508",±651,23.0%,±1.9,"23,345",±875,"4,001",±428,17.1%,±1.7
    Mean income deficit for unrelated individuals (dollars),"8,659",±126,(X),(X),(X),(X),"7,717",±144,(X),(X),(X),(X),"8,379",±86,(X),(X),(X),(X),"8,333",±190,(X),(X),(X),(X),"8,791",±92,(X),(X),(X),(X),"8,972",±53,(X),(X),(X),(X),"8,397",±56,(X),(X),(X),(X),"8,123",±230,(X),(X),(X),(X),"7,937",±234,(X),(X),(X),(X)
"    Worked full-time, year-round in the past 12 months","311,671","±5,081","7,058",±742,2.3%,±0.2,"129,568","±3,021","3,339",±486,2.6%,±0.4,"698,714","±7,729","14,345","±1,036",2.1%,±0.1,"136,928","±3,018","2,655",±409,1.9%,±0.3,"729,322","±7,357","18,554","±1,596",2.5%,±0.2,"1,856,911","±13,958","47,423","±2,291",2.6%,±0.1,"1,140,239","±10,190","33,787","±1,675",3.0%,±0.1,"104,180","±3,199","2,732",±618,2.6%,±0.6,"67,785","±1,872","1,935",±335,2.9%,±0.5
"    Worked less than full-time, year-round in the past 12 months","148,448","±3,411","41,135","±1,867",27.7%,±1.2,"74,158","±2,011","19,881","±1,054",26.8%,±1.2,"333,468","±5,411","88,920","±2,660",26.7%,±0.7,"60,990","±1,907","15,536","±1,052",25.5%,±1.4,"308,008","±4,691","80,377","±2,517",26.1%,±0.7,"901,823","±9,045","255,515","±4,830",28.3%,±0.4,"535,410","±6,212","172,943","±3,987",32.3%,±0.6,"53,088","±2,293","15,197","±1,259",28.6%,±2.0,"41,204","±1,627","12,263",±999,29.8%,±2.0
    Did not work,"260,388","±4,503","103,102","±3,218",39.6%,±0.9,"126,843","±2,722","51,778","±1,874",40.8%,±1.0,"506,461","±6,086","223,902","±4,058",44.2%,±0.6,"94,472","±2,548","34,185","±1,675",36.2%,±1.2,"562,861","±5,552","229,826","±4,394",40.8%,±0.6,"1,616,203","±9,753","785,524","±8,093",48.6%,±0.4,"1,019,063","±7,693","410,104","±6,347",40.2%,±0.5,"90,770","±2,002","40,952","±2,005",45.1%,±1.7,"56,590","±1,510","21,466","±1,149",37.9%,±1.6
    Population in housing units for whom poverty status is determined,"3,514,203","±1,020","344,867","±8,521",9.8%,±0.2,"1,342,370",±569,"141,199","±3,993",10.5%,±0.3,"6,783,807","±1,382","661,988","±9,800",9.8%,±0.1,"1,350,042",±563,"95,013","±3,680",7.0%,±0.3,"9,151,733","±2,077","874,385","±14,232",9.6%,±0.2,"19,166,593","±3,455","2,574,117","±28,889",13.4%,±0.2,"12,553,794","±2,377","1,444,061","±18,637",11.5%,±0.1,"1,054,491",±556,"114,074","±4,220",10.8%,±0.4,"620,662",±294,"60,293","±2,512",9.7%,±0.4
